{
  "schemaVersion": 1,
  "createdAt": "2026-06-15T17:02:42.082Z",
  "gitCommit": "a3a31da9be6549df1386b3ed301438f38b024a91",
  "iterations": 30,
  "durationMs": 1089.4975410000002,
  "results": [
    {
      "suite": "emit-context-clone",
      "package": "@code-yeongyu/senpi",
      "fixture": "10-100-1000-json-context-messages",
      "iterations": 30,
      "samples": [
        2.5475000000000136,
        2.165958000000046,
        2.136833000000024,
        2.121582999999987,
        2.100999999999999,
        2.10508399999992,
        2.1047499999999673,
        2.3902909999999338,
        2.0638750000000528,
        2.119166000000064,
        2.1119999999999663,
        2.1139590000000226,
        2.134667000000036,
        2.202458999999976,
        2.606625000000008,
        2.2787920000000668,
        2.3049579999999423,
        2.424541999999974,
        2.629833000000076,
        2.526958000000036,
        2.2954169999999294,
        2.267750000000092,
        2.361250000000041,
        2.216374999999971,
        2.4461670000000595,
        2.3807910000000447,
        2.321166000000062,
        2.3136670000000095,
        2.3530000000000655,
        2.389667000000145
      ],
      "medianMs": 2.2787920000000668,
      "p95Ms": 2.606625000000008,
      "cases": [
        {
          "messageCount": 10,
          "samples": [
            0.0785000000000764,
            0.03329199999996035,
            0.024499999999989086,
            0.024375000000077307,
            0.023333999999977095,
            0.022584000000051674,
            0.02279199999998127,
            0.022584000000051674,
            0.034374999999954525,
            0.026833000000010543,
            0.022040999999944688,
            0.022333000000003267,
            0.025250000000028194,
            0.025208000000020547,
            0.024999999999977263,
            0.03641699999991488,
            0.030250000000023647,
            0.03545899999994617,
            0.042749999999955435,
            0.044125000000008185,
            0.03350000000000364,
            0.02512500000000273,
            0.0262079999999969,
            0.030708000000004176,
            0.030791000000021995,
            0.057332999999971435,
            0.027458000000024185,
            0.02866699999992761,
            0.028332999999975073,
            0.0548750000000382
          ],
          "medianMs": 0.027458000000024185,
          "p95Ms": 0.057332999999971435
        },
        {
          "messageCount": 100,
          "samples": [
            0.23499999999989996,
            0.20737499999995634,
            0.19141700000000128,
            0.19174999999995634,
            0.1951249999999618,
            0.1974999999999909,
            0.19429100000002109,
            0.18850000000009004,
            0.18212500000004184,
            0.20812499999999545,
            0.18737500000008822,
            0.19708399999990434,
            0.1958750000000009,
            0.20970899999997528,
            0.20004100000005565,
            0.20800000000008367,
            0.2040830000000824,
            0.21387500000003,
            0.228458000000046,
            0.19529099999999744,
            0.2303749999999809,
            0.2063340000000835,
            0.20562499999994088,
            0.2017919999999549,
            0.20199999999999818,
            0.2363749999999527,
            0.21154200000000856,
            0.20920799999998962,
            0.20575000000008004,
            0.22525000000018736
          ],
          "medianMs": 0.2040830000000824,
          "p95Ms": 0.23499999999989996
        },
        {
          "messageCount": 1000,
          "samples": [
            2.201667000000043,
            1.9223750000001019,
            1.9188749999999573,
            1.896833000000015,
            1.8804169999999658,
            1.8839169999999967,
            1.8866669999999885,
            2.1771660000000566,
            1.8457500000000664,
            1.88312499999995,
            1.9015000000000555,
            1.8927090000000817,
            1.9125000000000227,
            1.966542000000004,
            2.3794169999999895,
            2.030666999999994,
            2.06899999999996,
            2.1706249999999727,
            2.3553329999999733,
            2.285041999999976,
            2.030291000000034,
            2.035209000000009,
            2.1280419999999367,
            1.981540999999993,
            2.2098340000000007,
            2.0846250000000737,
            2.08075000000008,
            2.0732909999999265,
            2.11525000000006,
            2.106416999999965
          ],
          "medianMs": 2.030666999999994,
          "p95Ms": 2.3553329999999733
        }
      ],
      "heapDeltaBytes": -1003648,
      "rssDeltaBytes": 294912,
      "metadata": {
        "createdAt": "2026-06-15T17:02:42.071Z",
        "gitCommit": "a3a31da9be6549df1386b3ed301438f38b024a91",
        "nodeVersion": "v26.3.0",
        "platform": "darwin",
        "arch": "arm64",
        "cpu": "Apple M4 Pro"
      }
    }
  ]
}
